{"stats":{"minecraft:used":{"minecraft:dirt":5},"minecraft:picked_up":{"minecraft:dirt":11},"minecraft:mined":{"minecraft:grass_block":7,"minecraft:dirt":4},"minecraft:custom":{"minecraft:jump":73,"minecraft:open_chest":2,"minecraft:time_since_rest":22495,"minecraft:damage_dealt":18,"minecraft:leave_game":6,"minecraft:crouch_one_cm":606,"minecraft:play_time":22495,"minecraft:sprint_one_cm":4989,"minecraft:time_since_death":22495,"minecraft:walk_on_water_one_cm":510,"minecraft:walk_one_cm":3355,"minecraft:sneak_time":326,"minecraft:total_world_time":22495,"minecraft:walk_under_water_one_cm":3489,"minecraft:swim_one_cm":2118,"minecraft:fall_one_cm":420,"minecraft:fly_one_cm":63118}},"DataVersion":3465}