{"stats":{"minecraft:mined":{"minecraft:tuff":36,"minecraft:white_bed":6,"minecraft:deepslate_diamond_ore":7,"man:cassetteplayer":1,"minecraft:obsidian":4,"minecraft:granite":14,"minecraft:allium":1,"minecraft:acacia_log":12,"minecraft:grass_block":2,"minecraft:hay_block":8,"minecraft:furnace":4,"minecraft:iron_ore":29,"minecraft:andesite":21,"minecraft:fletching_table":4,"minecraft:enchanting_table":1,"minecraft:deepslate_iron_ore":13,"minecraft:dirt_path":1,"minecraft:green_carpet":2,"minecraft:stone":190,"minecraft:white_tulip":1,"minecraft:acacia_leaves":1,"minecraft:oak_fence":1,"minecraft:crafting_table":3,"minecraft:torch":1,"man:redcandle":1,"minecraft:cobblestone":2,"minecraft:deepslate_gold_ore":2,"minecraft:lapis_ore":17,"minecraft:sugar_cane":7,"minecraft:diorite":29,"minecraft:birch_log":6,"minecraft:grass":10,"minecraft:coal_ore":20,"minecraft:oak_log":76,"minecraft:dirt":16,"minecraft:gravel":66,"minecraft:sand":12,"minecraft:gold_ore":5,"minecraft:oak_leaves":14,"minecraft:deepslate":208},"minecraft:crafted":{"minecraft:oak_planks":316,"minecraft:stone_shovel":1,"minecraft:birch_boat":1,"minecraft:cooked_chicken":1,"man:cassetteplayer":1,"minecraft:furnace":4,"minecraft:cooked_mutton":1,"minecraft:stone_pickaxe":4,"minecraft:wheat":72,"minecraft:cooked_beef":17,"minecraft:emerald":12,"minecraft:cooked_porkchop":13,"minecraft:crafting_table":7,"minecraft:enchanting_table":1,"minecraft:wooden_pickaxe":1,"minecraft:iron_sword":1,"minecraft:fletching_table":2,"minecraft:bucket":1,"minecraft:birch_planks":32,"minecraft:stone_axe":2,"minecraft:bread":24,"minecraft:air":0,"minecraft:iron_chestplate":1,"minecraft:book":5,"minecraft:paper":15,"minecraft:diamond_pickaxe":1,"minecraft:shield":1,"minecraft:stick":408,"minecraft:iron_ingot":20,"minecraft:iron_pickaxe":1,"minecraft:acacia_planks":44},"minecraft:killed_by":{"man:managgresive":1},"minecraft:killed":{"minecraft:spider":1,"minecraft:skeleton":4,"minecraft:chicken":2,"minecraft:pig":6,"alexsmobs:grizzly_bear":1,"minecraft:creeper":1,"minecraft:sheep":1,"minecraft:zombie":15,"minecraft:cow":12},"minecraft:custom":{"minecraft:mob_kills":43,"minecraft:interact_with_crafting_table":35,"minecraft:time_since_death":71428,"minecraft:climb_one_cm":1200,"minecraft:sprint_one_cm":205481,"minecraft:walk_one_cm":256564,"minecraft:damage_blocked_by_shield":540,"minecraft:drop":28,"minecraft:talked_to_villager":19,"minecraft:play_time":121123,"minecraft:deaths":1,"minecraft:sneak_time":12908,"minecraft:walk_under_water_one_cm":3995,"minecraft:boat_one_cm":185577,"minecraft:jump":2127,"minecraft:walk_on_water_one_cm":19128,"minecraft:total_world_time":121123,"minecraft:interact_with_furnace":32,"minecraft:traded_with_villager":13,"minecraft:interact_with_grindstone":3,"minecraft:sleep_in_bed":3,"minecraft:time_since_rest":42403,"minecraft:damage_taken":1745,"minecraft:damage_dealt":7028,"minecraft:swim_one_cm":23845,"minecraft:fly_one_cm":420494,"minecraft:open_chest":6,"minecraft:crouch_one_cm":20687,"minecraft:fall_one_cm":56610},"minecraft:used":{"minecraft:oak_fence":1,"minecraft:enchanting_table":1,"minecraft:stone_shovel":72,"minecraft:shield":14,"minecraft:iron_sword":17,"minecraft:iron_chestplate":1,"minecraft:torch":1,"minecraft:dirt":31,"minecraft:tuff":2,"minecraft:furnace":6,"minecraft:cooked_beef":9,"minecraft:water_bucket":2,"minecraft:diorite":13,"minecraft:stone_pickaxe":307,"minecraft:oak_planks":9,"minecraft:wooden_pickaxe":5,"minecraft:birch_boat":2,"minecraft:fletching_table":6,"man:redcandle":1,"minecraft:sand":11,"minecraft:crafting_table":10,"minecraft:white_bed":7,"man:cassetteplayer":1,"minecraft:diamond_pickaxe":198,"minecraft:bread":3,"minecraft:iron_pickaxe":99,"minecraft:gravel":5,"minecraft:stone_axe":185,"minecraft:green_carpet":2,"minecraft:cobblestone":21,"minecraft:cooked_porkchop":8,"minecraft:bucket":3,"alexsmobs:animal_dictionary":2},"minecraft:broken":{"minecraft:stone_pickaxe":1,"minecraft:stone_axe":2},"minecraft:dropped":{"minecraft:birch_planks":1,"minecraft:wheat_seeds":1,"minecraft:cobblestone":2,"man:cassette_1safetyinstructions":1,"minecraft:granite":14,"minecraft:stick":3,"minecraft:diorite":16,"minecraft:sand":11,"minecraft:string":1,"minecraft:white_wool":1,"minecraft:bone":1,"minecraft:gravel":6,"minecraft:white_tulip":5,"minecraft:stone_axe":1,"minecraft:sugar_cane":1,"minecraft:cobbled_deepslate":25,"minecraft:tuff":16,"minecraft:rotten_flesh":18,"minecraft:potato":1,"minecraft:allium":1,"minecraft:andesite":23,"minecraft:stone_pickaxe":1,"minecraft:wooden_pickaxe":1},"minecraft:picked_up":{"minecraft:crafting_table":3,"minecraft:allium":1,"minecraft:chicken":3,"minecraft:string":2,"minecraft:cobbled_deepslate":153,"minecraft:beef":26,"minecraft:white_tulip":5,"minecraft:sugar_cane":24,"minecraft:furnace":4,"minecraft:raw_iron":52,"minecraft:stick":8,"minecraft:oak_fence":1,"minecraft:torch":1,"minecraft:acacia_log":11,"minecraft:porkchop":18,"minecraft:diorite":39,"minecraft:arrow":2,"minecraft:rotten_flesh":31,"man:redcandle":1,"minecraft:hay_block":8,"minecraft:obsidian":4,"minecraft:mutton":1,"minecraft:cobblestone":287,"minecraft:white_wool":2,"minecraft:enchanting_table":1,"minecraft:birch_log":10,"minecraft:feather":3,"minecraft:cooked_beef":1,"minecraft:andesite":37,"minecraft:leather":16,"minecraft:potato":2,"minecraft:flint":10,"minecraft:tuff":20,"minecraft:oak_log":83,"minecraft:gunpowder":2,"minecraft:lapis_lazuli":96,"minecraft:dirt":81,"man:cassette_1safetyinstructions":1,"minecraft:bone":7,"minecraft:apple":1,"minecraft:wheat_seeds":2,"minecraft:raw_gold":7,"minecraft:stone_pickaxe":1,"minecraft:fletching_table":4,"minecraft:oak_planks":41,"minecraft:cooked_porkchop":13,"minecraft:birch_boat":2,"minecraft:gravel":65,"minecraft:sand":22,"minecraft:white_bed":8,"alexsmobs:animal_dictionary":1,"minecraft:green_carpet":2,"minecraft:diamond":7,"minecraft:stone_axe":2,"minecraft:granite":28,"minecraft:oak_sapling":8,"minecraft:coal":30}},"DataVersion":3465}