{"stats":{"minecraft:dropped":{"minecraft:iron_sword":1,"minecraft:wheat_seeds":2,"minecraft:diamond":20,"minecraft:cobblestone":6,"minecraft:glow_berries":8,"minecraft:book":34,"minecraft:leather":1,"minecraft:granite":8,"minecraft:rail":16,"minecraft:golden_apple":1,"minecraft:gray_wool":1,"create:handheld_worldshaper":1,"minecraft:dark_oak_trapdoor":1,"minecraft:potion":1,"minecraft:iron_leggings":1,"minecraft:pumpkin_pie":5,"minecraft:cyan_candle":3,"minecraft:dark_oak_planks":1,"minecraft:string":7,"minecraft:white_wool":2,"minecraft:gold_ingot":11,"minecraft:nether_brick_slab":1,"minecraft:stone_axe":1,"minecraft:waxed_cut_copper_stairs":1,"minecraft:player_head":1,"minecraft:stone_sword":1,"minecraft:rotten_flesh":11,"minecraft:clay_ball":16,"minecraft:oak_planks":1,"minecraft:dark_oak_fence_gate":1,"minecraft:pumpkin_seeds":1,"minecraft:chainmail_chestplate":1,"minecraft:filled_map":1,"minecraft:cake":1,"minecraft:oak_sapling":2,"minecraft:spider_eye":2,"minecraft:iron_ore":30,"sophisticatedbackpacks:copper_backpack":1,"minecraft:arrow":3,"minecraft:stone_pickaxe":2,"minecraft:wooden_pickaxe":2},"minecraft:broken":{"minecraft:iron_sword":1},"minecraft:custom":{"minecraft:mob_kills":48,"minecraft:interact_with_crafting_table":14,"minecraft:open_barrel":25,"minecraft:eat_cake_slice":17,"minecraft:leave_game":9,"minecraft:time_since_death":86610,"minecraft:climb_one_cm":6647,"minecraft:sprint_one_cm":198479,"minecraft:walk_one_cm":202566,"minecraft:damage_blocked_by_shield":85,"minecraft:drop":69,"minecraft:play_time":86610,"minecraft:sneak_time":5133,"minecraft:walk_under_water_one_cm":5866,"minecraft:jump":1266,"minecraft:interact_with_blast_furnace":4,"minecraft:walk_on_water_one_cm":7806,"minecraft:total_world_time":86610,"minecraft:interact_with_furnace":6,"minecraft:tune_noteblock":1,"minecraft:time_since_rest":86610,"minecraft:damage_taken":1669,"minecraft:damage_dealt":11254,"minecraft:swim_one_cm":22146,"minecraft:fly_one_cm":208463,"minecraft:open_chest":8,"minecraft:crouch_one_cm":15185,"minecraft:fall_one_cm":33132},"minecraft:used":{"minecraft:moss_block":3,"minecraft:shield":4,"minecraft:iron_sword":261,"minecraft:dirt":5,"minecraft:nether_brick_slab":1,"minecraft:granite":1,"farmersdelight:rope":2,"minecraft:dark_oak_planks":1,"minecraft:iron_axe":53,"minecraft:iron_boots":1,"minecraft:magma_block":1,"minecraft:waxed_cut_copper_slab":1,"minecraft:furnace":1,"minecraft:cobbled_deepslate":24,"minecraft:baked_potato":14,"minecraft:stone_pickaxe":10,"minecraft:oak_planks":19,"minecraft:wooden_pickaxe":3,"minecraft:crafting_table":5,"minecraft:cake":2,"minecraft:apple":4,"minecraft:iron_pickaxe":227,"minecraft:soul_lantern":1,"minecraft:stone_axe":14,"minecraft:cobblestone":7,"minecraft:cooked_porkchop":10},"minecraft:crafted":{"minecraft:oak_planks":72,"minecraft:iron_axe":1,"minecraft:stone_pickaxe":1,"minecraft:chest":1,"sophisticatedbackpacks:backpack":1,"minecraft:cooked_porkchop":10,"minecraft:crafting_table":3,"minecraft:wooden_pickaxe":1,"minecraft:iron_helmet":1,"minecraft:iron_sword":2,"minecraft:stone_axe":1,"minecraft:air":0,"minecraft:iron_chestplate":1,"minecraft:shield":1,"minecraft:stick":12,"minecraft:iron_pickaxe":1,"minecraft:iron_leggings":1},"minecraft:picked_up":{"minecraft:crafting_table":2,"minecraft:clay_ball":16,"minecraft:wooden_pickaxe":1,"minecraft:potion":1,"minecraft:moss_carpet":2,"minecraft:string":28,"minecraft:dark_oak_trapdoor":2,"minecraft:waxed_cut_copper_slab":1,"minecraft:cobbled_deepslate":127,"minecraft:beef":2,"minecraft:player_head":1,"minecraft:furnace":6,"minecraft:iron_boots":1,"minecraft:stick":2,"minecraft:raw_iron":10,"minecraft:porkchop":10,"minecraft:cookie":1,"minecraft:redstone":18,"minecraft:dark_oak_planks":2,"minecraft:waxed_cut_copper_stairs":1,"minecraft:stone_sword":1,"minecraft:arrow":3,"minecraft:rotten_flesh":28,"minecraft:pumpkin_pie":1,"minecraft:hay_block":2,"farmersdelight:rope":2,"minecraft:mutton":2,"minecraft:rail":4,"minecraft:white_wool":2,"minecraft:cobblestone":43,"minecraft:magma_block":1,"minecraft:leather":5,"minecraft:tuff":15,"create:raw_zinc":25,"minecraft:oak_log":18,"minecraft:chainmail_chestplate":1,"minecraft:gunpowder":1,"minecraft:lapis_lazuli":13,"minecraft:dirt":11,"minecraft:white_banner":1,"minecraft:bone":6,"minecraft:chipped_anvil":1,"minecraft:wheat_seeds":2,"minecraft:raw_gold":10,"minecraft:stone_pickaxe":1,"minecraft:cooked_chicken":2,"minecraft:cyan_candle":3,"minecraft:moss_block":5,"minecraft:iron_sword":1,"minecraft:book":66,"minecraft:blast_furnace":1,"minecraft:nether_brick_slab":2,"minecraft:dark_oak_fence_gate":1,"minecraft:spider_eye":2,"minecraft:pumpkin_seeds":1,"minecraft:dispenser":1,"minecraft:soul_lantern":1,"minecraft:granite":9,"minecraft:gray_wool":2,"minecraft:oak_sapling":2,"minecraft:coal":24},"minecraft:killed":{"minecraft:cave_spider":4,"minecraft:spider":5,"minecraft:skeleton":3,"minecraft:husk":22,"minecraft:pig":5,"minecraft:creeper":1,"minecraft:zombie":3,"minecraft:cow":3},"minecraft:mined":{"minecraft:dark_oak_planks":1,"create:zinc_ore":4,"minecraft:waxed_cut_copper_slab":1,"create:deepslate_zinc_ore":12,"minecraft:tuff":16,"minecraft:granite":8,"minecraft:grass_block":7,"minecraft:moss_block":2,"minecraft:spawner":1,"minecraft:hay_block":2,"minecraft:magma_block":1,"minecraft:furnace":6,"minecraft:dark_oak_trapdoor":1,"minecraft:iron_ore":10,"minecraft:dark_oak_fence_gate":1,"minecraft:bookshelf":24,"farmersdelight:rope":2,"minecraft:stone":33,"minecraft:player_head":1,"minecraft:waxed_cut_copper_stairs":1,"minecraft:deepslate_redstone_ore":3,"minecraft:crafting_table":2,"minecraft:blast_furnace":1,"minecraft:nether_brick_slab":1,"minecraft:tall_grass":1,"minecraft:lapis_ore":2,"minecraft:deepslate_gold_ore":1,"minecraft:sculk":2,"minecraft:birch_leaves":6,"minecraft:grass":4,"minecraft:oak_log":28,"minecraft:coal_ore":3,"minecraft:dirt":4,"minecraft:cobweb":12,"minecraft:dispenser":1,"minecraft:chipped_anvil":1,"minecraft:gold_ore":5,"minecraft:oak_leaves":8,"minecraft:cyan_candle":2,"minecraft:deepslate":127}},"DataVersion":3465}