{"stats":{"minecraft:mined":{"create:zinc_ore":2,"create:deepslate_zinc_ore":2,"minecraft:spruce_planks":1,"minecraft:dark_oak_log":8,"minecraft:cave_vines_plant":2,"minecraft:coal_block":3,"minecraft:moss_block":1,"minecraft:spawner":1,"minecraft:furnace":6,"minecraft:iron_ore":36,"minecraft:barrel":7,"minecraft:deepslate_lapis_ore":6,"minecraft:cave_vines":9,"minecraft:deepslate_iron_ore":24,"minecraft:vine":1,"minecraft:rail":1,"minecraft:stone":68,"minecraft:tripwire":6,"create_new_age:magnetite_block":1,"minecraft:soul_lantern":1,"minecraft:crafting_table":8,"minecraft:tall_grass":2,"minecraft:cobblestone":8,"minecraft:lapis_ore":6,"minecraft:jungle_fence":2,"minecraft:oak_log":12,"minecraft:coal_ore":31,"minecraft:cobweb":36,"minecraft:gold_ore":20,"minecraft:oak_leaves":5,"minecraft:deepslate":9},"minecraft:crafted":{"minecraft:oak_planks":48,"minecraft:cooked_chicken":5,"minecraft:furnace":2,"minecraft:bow":1,"minecraft:iron_boots":1,"minecraft:iron_axe":1,"minecraft:dark_oak_planks":24,"minecraft:cooked_beef":5,"minecraft:cooked_porkchop":1,"minecraft:iron_helmet":1,"minecraft:iron_sword":1,"minecraft:bucket":1,"minecraft:birch_planks":8,"minecraft:stone_axe":1,"minecraft:air":0,"minecraft:shield":1,"minecraft:stick":24,"minecraft:iron_ingot":27,"minecraft:iron_pickaxe":3,"minecraft:gold_ingot":7,"minecraft:torch":40},"minecraft:killed":{"minecraft:cave_spider":6,"minecraft:spider":1,"minecraft:skeleton":9,"minecraft:chicken":5,"minecraft:creeper":2,"minecraft:zombie":5,"minecraft:cow":3,"minecraft:enderman":1},"minecraft:used":{"minecraft:stone_sword":3,"minecraft:shield":5,"minecraft:iron_sword":122,"minecraft:cooked_chicken":2,"minecraft:torch":63,"minecraft:dirt":13,"minecraft:dark_oak_planks":2,"minecraft:iron_axe":37,"minecraft:iron_helmet":1,"minecraft:iron_boots":1,"minecraft:furnace":6,"minecraft:cooked_beef":5,"minecraft:water_bucket":2,"minecraft:crafting_table":7,"minecraft:bread":3,"minecraft:iron_pickaxe":230,"minecraft:stone_axe":26,"minecraft:cobblestone":61,"minecraft:cooked_porkchop":1,"minecraft:bucket":3},"minecraft:custom":{"minecraft:mob_kills":33,"minecraft:interact_with_crafting_table":27,"minecraft:open_barrel":1,"minecraft:leave_game":1,"minecraft:time_since_death":53020,"minecraft:climb_one_cm":445,"minecraft:sprint_one_cm":212515,"minecraft:walk_one_cm":119230,"minecraft:damage_blocked_by_shield":190,"minecraft:drop":54,"minecraft:walk_under_water_one_cm":3091,"minecraft:play_time":53020,"minecraft:sneak_time":3940,"minecraft:jump":728,"minecraft:walk_on_water_one_cm":12485,"minecraft:total_world_time":53020,"minecraft:interact_with_furnace":39,"minecraft:interact_with_cartography_table":1,"minecraft:time_since_rest":53020,"minecraft:damage_taken":647,"minecraft:damage_dealt":5209,"minecraft:swim_one_cm":16748,"minecraft:fly_one_cm":111227,"minecraft:open_chest":1,"minecraft:crouch_one_cm":11679,"minecraft:fall_one_cm":16132},"minecraft:dropped":{"minecraft:clay":1,"minecraft:moss_block":9,"minecraft:brown_mushroom":8,"minecraft:wheat_seeds":2,"minecraft:jungle_fence":2,"minecraft:oak_fence":1,"minecraft:glow_berries":6,"minecraft:leather":3,"minecraft:granite":6,"minecraft:activator_rail":1,"minecraft:rail":4,"minecraft:red_mushroom":4,"minecraft:dirt":14,"minecraft:flowering_azalea":2,"minecraft:string":7,"create:raw_zinc":2,"minecraft:bone":7,"minecraft:stone_axe":2,"minecraft:moss_carpet":9,"minecraft:waxed_cut_copper_stairs":1,"minecraft:stone_sword":1,"minecraft:raw_copper":1,"minecraft:soul_lantern":1,"minecraft:rotten_flesh":11,"minecraft:clay_ball":24,"minecraft:dark_oak_fence_gate":1,"minecraft:gunpowder":4,"minecraft:spruce_planks":1,"minecraft:azalea":1,"minecraft:spider_eye":4,"minecraft:stone_pickaxe":1},"minecraft:picked_up":{"minecraft:crafting_table":8,"minecraft:chicken":5,"minecraft:clay_ball":24,"minecraft:brown_mushroom":8,"minecraft:raw_copper":1,"minecraft:string":51,"minecraft:moss_carpet":9,"minecraft:iron_leggings":1,"minecraft:cobbled_deepslate":9,"minecraft:spruce_planks":1,"minecraft:beef":5,"minecraft:azalea":1,"minecraft:coal_block":5,"minecraft:furnace":6,"minecraft:raw_iron":59,"minecraft:oak_fence":1,"minecraft:porkchop":1,"minecraft:dark_oak_planks":3,"minecraft:waxed_cut_copper_stairs":1,"minecraft:rotten_flesh":12,"minecraft:stone_sword":1,"minecraft:arrow":9,"minecraft:tropical_fish":4,"minecraft:glow_berries":6,"minecraft:rail":2,"minecraft:cobblestone":80,"minecraft:birch_log":2,"minecraft:feather":4,"minecraft:leather":3,"minecraft:jungle_fence":2,"minecraft:red_mushroom":4,"create:raw_zinc":2,"minecraft:oak_log":12,"minecraft:chainmail_chestplate":1,"minecraft:gunpowder":4,"minecraft:lapis_lazuli":84,"minecraft:dirt":27,"minecraft:bone":7,"minecraft:wheat_seeds":2,"minecraft:raw_gold":20,"create_new_age:magnetite_block":1,"minecraft:stone_pickaxe":1,"minecraft:iron_ore":7,"minecraft:moss_block":9,"minecraft:oak_planks":2,"minecraft:flowering_azalea":2,"minecraft:barrel":7,"minecraft:gold_ore":7,"minecraft:dark_oak_fence_gate":1,"minecraft:dark_oak_log":6,"minecraft:spider_eye":4,"minecraft:clay":1,"minecraft:stone_axe":1,"minecraft:soul_lantern":1,"minecraft:granite":6,"minecraft:coal":37,"minecraft:ender_pearl":1}},"DataVersion":3465}