{"stats":{"minecraft:mined":{"minecraft:tuff":1,"create:deepslate_zinc_ore":7,"minecraft:flowering_azalea":4,"create_new_age:magnetite_block":1,"minecraft:crafting_table":2,"minecraft:granite":10,"minecraft:grass_block":3,"minecraft:calcite":4,"minecraft:nether_brick_slab":2,"minecraft:mushroom_stem":1,"minecraft:tall_grass":2,"minecraft:cobblestone":1,"minecraft:moss_block":21,"minecraft:oak_planks":2,"minecraft:spawner":6,"minecraft:gray_wool":1,"minecraft:glowstone":4,"minecraft:iron_ore":14,"minecraft:barrel":1,"minecraft:andesite":3,"minecraft:birch_leaves":1,"minecraft:white_wall_banner":1,"minecraft:grass":7,"minecraft:bookshelf":13,"minecraft:oak_log":5,"minecraft:deepslate_iron_ore":11,"minecraft:dirt":11,"minecraft:cobweb":20,"minecraft:smooth_quartz_stairs":2,"minecraft:stone":17,"minecraft:gold_ore":5,"minecraft:piston":5,"minecraft:deepslate":44},"minecraft:crafted":{"minecraft:oak_planks":20,"minecraft:crafting_table":1,"minecraft:wooden_pickaxe":1,"minecraft:iron_sword":1,"minecraft:shield":2,"minecraft:stick":8,"minecraft:stone_pickaxe":1,"minecraft:stone_sword":1,"minecraft:dark_oak_planks":8},"minecraft:broken":{"minecraft:shield":1},"minecraft:killed":{"minecraft:husk":9,"minecraft:cave_spider":3,"minecraft:pig":4,"alexsmobs:skunk":1,"alexsmobs:raccoon":1,"minecraft:frog":1,"minecraft:creeper":2,"minecraft:skeleton":8,"minecraft:sheep":3,"minecraft:zombie":6,"alexsmobs:terrapin":1,"minecraft:chicken":1,"minecraft:cow":6},"minecraft:used":{"minecraft:stone_sword":51,"minecraft:stone_pickaxe":7,"minecraft:cyan_candle":3,"minecraft:baked_potato":21,"minecraft:wooden_pickaxe":27,"minecraft:shield":63,"minecraft:iron_sword":223,"minecraft:chainmail_helmet":1,"minecraft:smooth_quartz_stairs":1,"minecraft:dirt":12,"minecraft:crafting_table":3,"minecraft:diamond_helmet":1,"minecraft:dark_oak_planks":5,"minecraft:diamond_pickaxe":3,"minecraft:bread":6,"minecraft:iron_pickaxe":145,"minecraft:cobblestone":7,"minecraft:egg":1,"minecraft:golden_pickaxe":3},"minecraft:killed_by":{"minecraft:husk":1},"minecraft:custom":{"minecraft:interact_with_furnace":1,"minecraft:mob_kills":46,"minecraft:interact_with_crafting_table":8,"minecraft:tune_noteblock":1,"minecraft:open_barrel":35,"minecraft:eat_cake_slice":6,"minecraft:leave_game":2,"minecraft:time_since_death":21651,"minecraft:climb_one_cm":5244,"minecraft:time_since_rest":21686,"minecraft:sprint_one_cm":212306,"minecraft:damage_taken":1580,"minecraft:walk_one_cm":137704,"minecraft:damage_blocked_by_shield":1925,"minecraft:drop":27,"minecraft:damage_dealt":9003,"minecraft:swim_one_cm":3688,"minecraft:fly_one_cm":237869,"minecraft:open_chest":15,"minecraft:crouch_one_cm":13968,"minecraft:play_time":54191,"minecraft:deaths":2,"minecraft:sneak_time":4222,"minecraft:walk_under_water_one_cm":961,"minecraft:jump":1353,"minecraft:interact_with_blast_furnace":2,"minecraft:walk_on_water_one_cm":10433,"minecraft:total_world_time":54191,"minecraft:fall_one_cm":44871},"minecraft:dropped":{"minecraft:gold_ore":1,"minecraft:brown_mushroom":2,"minecraft:stone_sword":1,"minecraft:smooth_quartz_stairs":1,"minecraft:tuff":1,"minecraft:rotten_flesh":17,"minecraft:iron_boots":1,"minecraft:music_disc_far":1,"minecraft:rail":6,"minecraft:chainmail_chestplate":1,"minecraft:dirt":27,"minecraft:flowering_azalea":5,"minecraft:white_banner":1,"minecraft:arrow":1,"minecraft:bow":1,"minecraft:stone_pickaxe":1,"minecraft:wooden_pickaxe":1,"minecraft:calcite":11,"minecraft:dark_oak_planks":3,"minecraft:bone":2},"minecraft:picked_up":{"minecraft:iron_chestplate":1,"minecraft:crafting_table":4,"minecraft:feather":1,"minecraft:chicken":3,"minecraft:golden_pickaxe":4,"minecraft:leather":6,"minecraft:red_mushroom":36,"minecraft:filled_map":1,"minecraft:tuff":1,"create:raw_zinc":17,"minecraft:oak_log":5,"minecraft:string":44,"minecraft:dirt":39,"minecraft:white_banner":1,"minecraft:name_tag":8,"minecraft:iron_leggings":2,"minecraft:bone":4,"minecraft:bow":2,"minecraft:raw_gold":30,"create_new_age:magnetite_block":1,"minecraft:iron_ingot":52,"minecraft:beef":42,"minecraft:iron_ore":118,"minecraft:calcite":11,"minecraft:iron_pickaxe":2,"minecraft:cyan_candle":3,"minecraft:glowstone_dust":39,"minecraft:flowering_azalea":10,"minecraft:iron_sword":1,"minecraft:oak_planks":11,"minecraft:smooth_quartz_stairs":2,"minecraft:piston":15,"minecraft:iron_boots":2,"minecraft:egg":1,"minecraft:book":99,"minecraft:stick":1,"minecraft:raw_iron":54,"minecraft:torch":96,"minecraft:porkchop":18,"minecraft:music_disc_pigstep":2,"minecraft:dark_oak_log":2,"minecraft:barrel":1,"alexsmobs:animal_dictionary":2,"minecraft:arrow":16,"minecraft:rotten_flesh":17,"minecraft:slime_ball":36,"minecraft:diamond":40,"minecraft:pumpkin_pie":23,"minecraft:golden_apple":3,"minecraft:bread":8,"minecraft:gold_ingot":68,"minecraft:chainmail_helmet":2,"sophisticatedbackpacks:copper_backpack":1,"minecraft:baked_potato":32,"minecraft:melon_seeds":16,"minecraft:coal":128,"minecraft:rail":12,"minecraft:cobblestone":35,"minecraft:diamond_pickaxe":2}},"DataVersion":3465}