{"stats":{"minecraft:mined":{"minecraft:cobblestone_stairs":3,"minecraft:dandelion":2,"minecraft:brewing_stand":1,"minecraft:crafting_table":1,"minecraft:torch":1,"minecraft:grass_block":7,"minecraft:chest":1,"minecraft:tall_grass":15,"minecraft:cobblestone":5,"minecraft:sugar_cane":4,"minecraft:carrots":17,"minecraft:iron_ore":2,"minecraft:wheat":23,"minecraft:pumpkin":19,"minecraft:grass":77,"minecraft:potatoes":9,"minecraft:oak_log":79,"minecraft:dirt_path":1,"minecraft:beetroots":3,"minecraft:oak_stairs":2,"minecraft:gravel":5,"minecraft:sand":43,"minecraft:dirt":4,"minecraft:pink_tulip":1,"minecraft:stone":23,"minecraft:oak_leaves":7},"minecraft:crafted":{"minecraft:cooked_beef":9,"minecraft:wooden_sword":1,"minecraft:oak_planks":196,"minecraft:stone_shovel":1,"minecraft:emerald":6,"minecraft:arrow":16,"minecraft:crafting_table":2,"minecraft:wooden_pickaxe":1,"minecraft:bone_meal":12,"minecraft:stone_axe":1,"minecraft:air":0,"minecraft:charcoal":14,"minecraft:stick":200,"minecraft:stone_pickaxe":1,"minecraft:wooden_axe":1,"minecraft:stone_sword":1,"minecraft:chest":4,"minecraft:torch":28},"minecraft:killed_by":{"man:managgresive":1},"minecraft:killed":{"alexsmobs:grizzly_bear":1,"minecraft:skeleton":2,"minecraft:zombie":2,"minecraft:chicken":2},"minecraft:custom":{"minecraft:interact_with_furnace":6,"minecraft:mob_kills":9,"minecraft:traded_with_villager":7,"minecraft:interact_with_crafting_table":8,"minecraft:leave_game":1,"minecraft:time_since_death":81549,"minecraft:sleep_in_bed":4,"minecraft:climb_one_cm":1716,"minecraft:time_since_rest":0,"minecraft:sprint_one_cm":287000,"minecraft:damage_taken":1350,"minecraft:walk_one_cm":175366,"minecraft:drop":1,"minecraft:damage_dealt":1741,"minecraft:swim_one_cm":7266,"minecraft:talked_to_villager":17,"minecraft:fly_one_cm":328644,"minecraft:open_chest":10,"minecraft:crouch_one_cm":1901,"minecraft:play_time":116277,"minecraft:deaths":1,"minecraft:sneak_time":1705,"minecraft:walk_under_water_one_cm":728,"minecraft:jump":1883,"minecraft:walk_on_water_one_cm":5450,"minecraft:total_world_time":116277,"minecraft:fall_one_cm":51762},"minecraft:used":{"minecraft:beetroot":2,"minecraft:stone_sword":47,"minecraft:stone_shovel":198,"minecraft:stone_pickaxe":41,"minecraft:oak_planks":1,"minecraft:chest":5,"minecraft:wooden_pickaxe":19,"minecraft:rotten_flesh":8,"minecraft:torch":13,"minecraft:dirt":4,"minecraft:crafting_table":2,"man:cassetteplayer":1,"minecraft:wooden_axe":33,"minecraft:apple":8,"minecraft:oak_stairs":2,"minecraft:bread":2,"minecraft:gravel":1,"minecraft:stone_axe":37,"minecraft:cooked_beef":9,"minecraft:pumpkin":7},"minecraft:broken":{"minecraft:stone_shovel":1},"minecraft:dropped":{"minecraft:oak_planks":32},"minecraft:picked_up":{"minecraft:wooden_axe":1,"minecraft:crafting_table":1,"minecraft:cooked_beef":8,"minecraft:chicken":1,"minecraft:oak_stairs":2,"minecraft:wooden_pickaxe":1,"minecraft:potato":11,"minecraft:oak_log":87,"minecraft:brewing_stand":1,"minecraft:cobblestone_stairs":3,"minecraft:dirt":36,"man:cassette_1safetyinstructions":1,"minecraft:wooden_sword":1,"minecraft:bone":4,"minecraft:beetroot":2,"minecraft:apple":4,"minecraft:bow":1,"minecraft:wheat_seeds":28,"minecraft:sugar_cane":6,"minecraft:chest":1,"minecraft:stick":12,"minecraft:raw_iron":2,"minecraft:pumpkin":33,"minecraft:torch":7,"minecraft:dandelion":2,"minecraft:gravel":1,"minecraft:sand":42,"minecraft:carrot":25,"minecraft:white_bed":1,"alexsmobs:animal_dictionary":1,"minecraft:arrow":4,"minecraft:rotten_flesh":8,"minecraft:beetroot_seeds":8,"man:cassetteplayer":1,"minecraft:oak_sapling":6,"minecraft:cobblestone":27}},"DataVersion":3465}